"","x"
"1","333 ANG MO KIO AVE 1"
"2","319 ANG MO KIO AVE 1"
"3","225 ANG MO KIO AVE 1"
"4","442 ANG MO KIO AVE 10"
"5","405 ANG MO KIO AVE 10"
"6","542 ANG MO KIO AVE 10"
"7","444 ANG MO KIO AVE 10"
"8","422 ANG MO KIO AVE 3"
"9","313 ANG MO KIO AVE 3"
"10","585 ANG MO KIO AVE 3"
"11","110 ANG MO KIO AVE 4"
"12","538 ANG MO KIO AVE 5"
"13","181 ANG MO KIO AVE 5"
"14","606 ANG MO KIO AVE 5"
"15","602 ANG MO KIO AVE 5"
"16","637 ANG MO KIO AVE 6"
"17","513 ANG MO KIO AVE 8"
"18","650 ANG MO KIO ST 61"
"19","335 ANG MO KIO AVE 1"
"20","102 ANG MO KIO AVE 3"
"21","131 ANG MO KIO AVE 3"
"22","604 ANG MO KIO AVE 5"
"23","620 ANG MO KIO AVE 9"
"24","350 ANG MO KIO ST 32"
"25","353 ANG MO KIO ST 32"
"26","310A ANG MO KIO AVE 1"
"27","539 ANG MO KIO AVE 10"
"28","101 ANG MO KIO AVE 3"
"29","627 ANG MO KIO AVE 9"
"30","104B ANG MO KIO ST 11"
"31","588C ANG MO KIO ST 52"
"32","219A BEDOK CTRL"
"33","520 BEDOK NTH AVE 1"
"34","549 BEDOK NTH AVE 1"
"35","108 BEDOK NTH RD"
"36","110 BEDOK NTH RD"
"37","218 BEDOK NTH ST 1"
"38","419 BEDOK NTH ST 1"
"39","122 BEDOK NTH ST 2"
"40","537 BEDOK NTH ST 3"
"41","536 BEDOK NTH ST 3"
"42","532 BEDOK NTH ST 3"
"43","501 BEDOK NTH ST 3"
"44","525 BEDOK NTH ST 3"
"45","529 BEDOK NTH ST 3"
"46","526 BEDOK NTH ST 3"
"47","744 BEDOK RESERVOIR RD"
"48","704 BEDOK RESERVOIR RD"
"49","59 CHAI CHEE RD"
"50","50 CHAI CHEE ST"
"51","517 BEDOK NTH AVE 2"
"52","82 BEDOK NTH RD"
"53","78 BEDOK NTH RD"
"54","524 BEDOK NTH ST 3"
"55","142 BEDOK RESERVOIR RD"
"56","724 BEDOK RESERVOIR RD"
"57","106 BEDOK RESERVOIR RD"
"58","35 BEDOK STH AVE 2"
"59","61 CHAI CHEE RD"
"60","808C CHAI CHEE RD"
"61","52 CHAI CHEE ST"
"62","655 JLN TENAGA"
"63","53 NEW UPP CHANGI RD"
"64","414 BEDOK NTH AVE 2"
"65","139 BEDOK NTH AVE 3"
"66","112 BEDOK NTH RD"
"67","118 BEDOK NTH ST 2"
"68","101 BEDOK RESERVOIR RD"
"69","722 BEDOK RESERVOIR RD"
"70","761 BEDOK RESERVOIR VIEW"
"71","34 CHAI CHEE AVE"
"72","670 JLN DAMAI"
"73","109 LENGKONG TIGA"
"74","60 NEW UPP CHANGI RD"
"75","130 BEDOK RESERVOIR RD"
"76","725 BEDOK RESERVOIR RD"
"77","636 BEDOK RESERVOIR RD"
"78","10E BEDOK STH AVE 2"
"79","148 BISHAN ST 11"
"80","113 BISHAN ST 12"
"81","122 BISHAN ST 12"
"82","114 BISHAN ST 12"
"83","184 BISHAN ST 13"
"84","153 BISHAN ST 13"
"85","181 BISHAN ST 13"
"86","241 BISHAN ST 22"
"87","204 BISHAN ST 23"
"88","287 BISHAN ST 24"
"89","273A BISHAN ST 24"
"90","449 SIN MING AVE"
"91","135 BISHAN ST 12"
"92","128 BISHAN ST 12"
"93","288 BISHAN ST 24"
"94","187 BISHAN ST 13"
"95","446 BRIGHT HILL DR"
"96","239 BT BATOK EAST AVE 5"
"97","215 BT BATOK ST 21"
"98","305 BT BATOK ST 31"
"99","363 BT BATOK ST 31"
"100","312 BT BATOK ST 32"
"101","504 BT BATOK ST 52"
"102","540 BT BATOK ST 52"
"103","507 BT BATOK ST 52"
"104","408 BT BATOK WEST AVE 4"
"105","168 BT BATOK WEST AVE 8"
"106","235 BT BATOK EAST AVE 5"
"107","160 BT BATOK ST 11"
"108","296B BT BATOK ST 22"
"109","289E BT BATOK ST 25"
"110","308 BT BATOK ST 31"
"111","316 BT BATOK ST 32"
"112","183 BT BATOK WEST AVE 8"
"113","216 BT BATOK ST 21"
"114","203 BT BATOK ST 21"
"115","288A BT BATOK ST 25"
"116","288B BT BATOK ST 25"
"117","325 BT BATOK ST 33"
"118","419 BT BATOK WEST AVE 2"
"119","392 BT BATOK WEST AVE 5"
"120","115 BT BATOK WEST AVE 6"
"121","194A BT BATOK WEST AVE 6"
"122","121 BT BATOK CTRL"
"123","218 BT BATOK ST 21"
"124","366 BT BATOK ST 31"
"125","405 BT BATOK WEST AVE 7"
"126","7 TELOK BLANGAH CRES"
"127","48 MOH GUAN TER"
"128","40 BEO CRES"
"129","105A DEPOT RD"
"130","4 JLN BT HO SWEE"
"131","28 JLN BT MERAH"
"132","42 KIM CHENG ST"
"133","130 KIM TIAN RD"
"134","27 LIM LIAK ST"
"135","16 TAMAN HO SWEE"
"136","1 TELOK BLANGAH CRES"
"137","44 TELOK BLANGAH DR"
"138","32 TELOK BLANGAH RISE"
"139","33 TELOK BLANGAH WAY"
"140","8B BOON TIONG RD"
"141","110A DEPOT RD"
"142","53 HAVELOCK RD"
"143","55 HAVELOCK RD"
"144","118A JLN MEMBINA"
"145","131B KIM TIAN RD"
"146","73A REDHILL RD"
"147","14A TELOK BLANGAH CRES"
"148","51 TELOK BLANGAH DR"
"149","70A TELOK BLANGAH HTS"
"150","56 TELOK BLANGAH HTS"
"151","63 TELOK BLANGAH HTS"
"152","70C TELOK BLANGAH HTS"
"153","86 TELOK BLANGAH HTS"
"154","34 TELOK BLANGAH WAY"
"155","1 DELTA AVE"
"156","19 JLN MEMBINA"
"157","8 KIM TIAN PL"
"158","119C KIM TIAN RD"
"159","48 LENGKOK BAHRU"
"160","74 TELOK BLANGAH HTS"
"161","205 PETIR RD"
"162","270 BANGKIT RD"
"163","274 BANGKIT RD"
"164","613 BT PANJANG RING RD"
"165","443C FAJAR RD"
"166","436 FAJAR RD"
"167","118 PENDING RD"
"168","128 PENDING RD"
"169","113 PENDING RD"
"170","126 PENDING RD"
"171","120 PENDING RD"
"172","149 PETIR RD"
"173","139 PETIR RD"
"174","208 PETIR RD"
"175","141 PETIR RD"
"176","550A SEGAR RD"
"177","547B SEGAR RD"
"178","546B SEGAR RD"
"179","487 SEGAR RD"
"180","652 SENJA LINK"
"181","636C SENJA RD"
"182","630 SENJA RD"
"183","636B SENJA RD"
"184","615 BT PANJANG RING RD"
"185","154 GANGSA RD"
"186","536 JELAPANG RD"
"187","168 PETIR RD"
"188","167 PETIR RD"
"189","211 PETIR RD"
"190","483 SEGAR RD"
"191","621 SENJA RD"
"192","631 SENJA RD"
"193","276 BANGKIT RD"
"194","422 FAJAR RD"
"195","503 JELAPANG RD"
"196","475 SEGAR RD"
"197","4 QUEEN'S RD"
"198","8 TOH YI DR"
"199","10 JLN KUKOH"
"200","4 SAGO LANE"
"201","9 SELEGIE RD"
"202","335A SMITH ST"
"203","5 TG PAGAR PLAZA"
"204","34 UPP CROSS ST"
"205","663 BUFFALO RD"
"206","1G CANTONMENT RD"
"207","8 TG PAGAR PLAZA"
"208","1F CANTONMENT RD"
"209","809B CHOA CHU KANG AVE 1"
"210","818B CHOA CHU KANG AVE 1"
"211","811B CHOA CHU KANG AVE 7"
"212","811A CHOA CHU KANG AVE 7"
"213","803B KEAT HONG CL"
"214","10 TECK WHYE AVE"
"215","26 TECK WHYE LANE"
"216","16 TECK WHYE LANE"
"217","818C CHOA CHU KANG AVE 1"
"218","297B CHOA CHU KANG AVE 2"
"219","283 CHOA CHU KANG AVE 3"
"220","450 CHOA CHU KANG AVE 4"
"221","415 CHOA CHU KANG AVE 4"
"222","306 CHOA CHU KANG AVE 4"
"223","484A CHOA CHU KANG AVE 5"
"224","490C CHOA CHU KANG AVE 5"
"225","483 CHOA CHU KANG AVE 5"
"226","810B CHOA CHU KANG AVE 7"
"227","810A CHOA CHU KANG AVE 7"
"228","815C CHOA CHU KANG AVE 7"
"229","667 CHOA CHU KANG CRES"
"230","687B CHOA CHU KANG DR"
"231","766 CHOA CHU KANG NTH 5"
"232","516 CHOA CHU KANG ST 51"
"233","643 CHOA CHU KANG ST 64"
"234","640 CHOA CHU KANG ST 64"
"235","157 JLN TECK WHYE"
"236","801C KEAT HONG CL"
"237","808B CHOA CHU KANG AVE 1"
"238","254 CHOA CHU KANG AVE 2"
"239","297C CHOA CHU KANG AVE 2"
"240","484C CHOA CHU KANG AVE 5"
"241","490D CHOA CHU KANG AVE 5"
"242","812B CHOA CHU KANG AVE 7"
"243","815B CHOA CHU KANG AVE 7"
"244","686A CHOA CHU KANG CRES"
"245","686B CHOA CHU KANG CRES"
"246","690A CHOA CHU KANG CRES"
"247","688B CHOA CHU KANG DR"
"248","689B CHOA CHU KANG DR"
"249","763 CHOA CHU KANG NTH 5"
"250","788 CHOA CHU KANG NTH 6"
"251","513 CHOA CHU KANG ST 51"
"252","546 CHOA CHU KANG ST 52"
"253","805C KEAT HONG CL"
"254","801A KEAT HONG CL"
"255","817B KEAT HONG LINK"
"256","681 CHOA CHU KANG CRES"
"257","208 CHOA CHU KANG CTRL"
"258","525 CHOA CHU KANG ST 51"
"259","526 CHOA CHU KANG ST 51"
"260","417 CLEMENTI AVE 1"
"261","364 CLEMENTI AVE 2"
"262","312A CLEMENTI AVE 4"
"263","304 CLEMENTI AVE 4"
"264","346 CLEMENTI AVE 5"
"265","379 CLEMENTI AVE 5"
"266","208B CLEMENTI AVE 6"
"267","612 CLEMENTI WEST ST 1"
"268","607 CLEMENTI WEST ST 1"
"269","714 CLEMENTI WEST ST 2"
"270","421 CLEMENTI AVE 1"
"271","457 CLEMENTI AVE 3"
"272","440C CLEMENTI AVE 3"
"273","312C CLEMENTI AVE 4"
"274","311C CLEMENTI AVE 4"
"275","118 CLEMENTI ST 13"
"276","117 CLEMENTI ST 13"
"277","512 WEST COAST DR"
"278","413 C'WEALTH AVE WEST"
"279","416 CLEMENTI AVE 1"
"280","357 CLEMENTI AVE 2"
"281","605 CLEMENTI WEST ST 1"
"282","201 CLEMENTI AVE 6"
"283","116 CLEMENTI ST 13"
"284","43 CIRCUIT RD"
"285","111 ALJUNIED CRES"
"286","97 ALJUNIED CRES"
"287","49 CIRCUIT RD"
"288","69 CIRCUIT RD"
"289","31 EUNOS CRES"
"290","19 EUNOS CRES"
"291","126 GEYLANG EAST AVE 1"
"292","3 HAIG RD"
"293","93 JLN DUA"
"294","99 OLD AIRPORT RD"
"295","93 PAYA LEBAR WAY"
"296","18B CIRCUIT RD"
"297","9 EUNOS CRES"
"298","10 EUNOS CRES"
"299","36 EUNOS CRES"
"300","32 EUNOS CRES"
"301","415 EUNOS RD 5"
"302","121 PAYA LEBAR WAY"
"303","341 UBI AVE 1"
"304","313 UBI AVE 1"
"305","327 UBI AVE 1"
"306","322 UBI AVE 1"
"307","6 HAIG RD"
"308","133 GEYLANG EAST AVE 1"
"309","112 HOUGANG AVE 1"
"310","317 HOUGANG AVE 7"
"311","677 HOUGANG AVE 8"
"312","629 HOUGANG AVE 8"
"313","678 HOUGANG AVE 8"
"314","660 HOUGANG AVE 8"
"315","244 HOUGANG ST 22"
"316","475B UPP SERANGOON CRES"
"317","364B UPP SERANGOON RD"
"318","102 HOUGANG AVE 1"
"319","420 HOUGANG AVE 10"
"320","513 HOUGANG AVE 10"
"321","512 HOUGANG AVE 10"
"322","706 HOUGANG AVE 2"
"323","18 HOUGANG AVE 3"
"324","603 HOUGANG AVE 4"
"325","605 HOUGANG AVE 4"
"326","314 HOUGANG AVE 5"
"327","525 HOUGANG AVE 6"
"328","440 HOUGANG AVE 8"
"329","674 HOUGANG AVE 8"
"330","435 HOUGANG AVE 8"
"331","504 HOUGANG AVE 8"
"332","675 HOUGANG AVE 8"
"333","964 HOUGANG AVE 9"
"334","968 HOUGANG AVE 9"
"335","830 HOUGANG CTRL"
"336","158 HOUGANG ST 11"
"337","161 HOUGANG ST 11"
"338","376A HOUGANG ST 32"
"339","557 HOUGANG ST 51"
"340","697 HOUGANG ST 61"
"341","976 HOUGANG ST 91"
"342","942 HOUGANG ST 92"
"343","139 LOR AH SOO"
"344","129 LOR AH SOO"
"345","475A UPP SERANGOON CRES"
"346","470C UPP SERANGOON CRES"
"347","473D UPP SERANGOON CRES"
"348","473C UPP SERANGOON CRES"
"349","365B UPP SERANGOON RD"
"350","365C UPP SERANGOON RD"
"351","954 HOUGANG AVE 9"
"352","838 HOUGANG CTRL"
"353","245 HOUGANG ST 22"
"354","372 HOUGANG ST 31"
"355","140 LOR AH SOO"
"356","712 HOUGANG AVE 2"
"357","705 HOUGANG AVE 2"
"358","609 HOUGANG AVE 8"
"359","853 HOUGANG CTRL"
"360","306 JURONG EAST ST 32"
"361","57 TEBAN GDNS RD"
"362","20 TEBAN GDNS RD"
"363","55 TEBAN GDNS RD"
"364","33 TEBAN GDNS RD"
"365","308 JURONG EAST ST 32"
"366","60 TEBAN GDNS RD"
"367","56 TEBAN GDNS RD"
"368","22 TEBAN GDNS RD"
"369","282 TOH GUAN RD"
"370","226 JURONG EAST ST 21"
"371","320 JURONG EAST ST 31"
"372","305 JURONG EAST ST 32"
"373","335 JURONG EAST AVE 1"
"374","325 JURONG EAST ST 31"
"375","50 TEBAN GDNS RD"
"376","187 BOON LAY AVE"
"377","185 BOON LAY AVE"
"378","211 BOON LAY PL"
"379","208 BOON LAY PL"
"380","484 JURONG WEST AVE 1"
"381","697B JURONG WEST CTRL 3"
"382","480 JURONG WEST ST 41"
"383","520 JURONG WEST ST 52"
"384","218B BOON LAY AVE"
"385","273C JURONG WEST AVE 3"
"386","685C JURONG WEST CTRL 1"
"387","695 JURONG WEST CTRL 1"
"388","272A JURONG WEST ST 24"
"389","464 JURONG WEST ST 41"
"390","450 JURONG WEST ST 42"
"391","420 JURONG WEST ST 42"
"392","515 JURONG WEST ST 52"
"393","668A JURONG WEST ST 64"
"394","718 JURONG WEST ST 71"
"395","717 JURONG WEST ST 71"
"396","820 JURONG WEST ST 81"
"397","348 KANG CHING RD"
"398","352 KANG CHING RD"
"399","138C YUAN CHING RD"
"400","175B YUNG KUANG RD"
"401","218C BOON LAY AVE"
"402","196B BOON LAY DR"
"403","272C JURONG WEST ST 24"
"404","416 JURONG WEST ST 42"
"405","551 JURONG WEST ST 42"
"406","650B JURONG WEST ST 61"
"407","653A JURONG WEST ST 61"
"408","661C JURONG WEST ST 64"
"409","678C JURONG WEST ST 64"
"410","759 JURONG WEST ST 74"
"411","825 JURONG WEST ST 81"
"412","933 JURONG WEST ST 91"
"413","909 JURONG WEST ST 91"
"414","138B YUAN CHING RD"
"415","626 JURONG WEST ST 65"
"416","830 JURONG WEST ST 81"
"417","841 JURONG WEST ST 81"
"418","906 JURONG WEST ST 91"
"419","163 YUNG PING RD"
"420","8 JLN BATU"
"421","805 KING GEORGE'S AVE"
"422","45 BENDEMEER RD"
"423","10C BENDEMEER RD"
"424","10A BENDEMEER RD"
"425","26 BENDEMEER RD"
"426","28 JLN BAHAGIA"
"427","116B JLN TENTERAM"
"428","804 KING GEORGE'S AVE"
"429","123 MCNAIR RD"
"430","468 NTH BRIDGE RD"
"431","685 RACE COURSE RD"
"432","3 ST. GEORGE'S RD"
"433","2 ST. GEORGE'S RD"
"434","86 WHAMPOA DR"
"435","93 WHAMPOA DR"
"436","82 WHAMPOA DR"
"437","38C BENDEMEER RD"
"438","9 BOON KENG RD"
"439","813 JELLICOE RD"
"440","30 JLN BAHAGIA"
"441","101 JLN RAJAH"
"442","117B JLN TENTERAM"
"443","116A JLN TENTERAM"
"444","17 JLN TENTERAM"
"445","117A JLN TENTERAM"
"446","52 KENT RD"
"447","113B MCNAIR RD"
"448","113D MCNAIR RD"
"449","113C MCNAIR RD"
"450","113A MCNAIR RD"
"451","681 RACE COURSE RD"
"452","101 WHAMPOA DR"
"453","49 WHAMPOA STH"
"454","103 AH HOOD RD"
"455","11 JLN BATU"
"456","104 JLN RAJAH"
"457","54 KENT RD"
"458","108C MCNAIR RD"
"459","33 MARINE CRES"
"460","7 MARINE TER"
"461","57 MARINE TER"
"462","62 MARINE DR"
"463","63 MARINE DR"
"464","29 MARINE CRES"
"465","44 MARINE CRES"
"466","27 MARINE CRES"
"467","530D PASIR RIS DR 1"
"468","530C PASIR RIS DR 1"
"469","480 PASIR RIS DR 4"
"470","554 PASIR RIS ST 51"
"471","560 PASIR RIS ST 51"
"472","525C PASIR RIS ST 51"
"473","518 PASIR RIS ST 52"
"474","774 PASIR RIS ST 71"
"475","707 PASIR RIS DR 10"
"476","233 PASIR RIS DR 4"
"477","191 PASIR RIS ST 12"
"478","565 PASIR RIS ST 51"
"479","567 PASIR RIS ST 51"
"480","512 PASIR RIS ST 52"
"481","762 PASIR RIS ST 71"
"482","740 PASIR RIS ST 71"
"483","764 PASIR RIS ST 71"
"484","725 PASIR RIS ST 72"
"485","609 ELIAS RD"
"486","531 PASIR RIS DR 1"
"487","270 PASIR RIS ST 21"
"488","236 PASIR RIS ST 21"
"489","268 PASIR RIS ST 21"
"490","207 PASIR RIS ST 21"
"491","500 PASIR RIS ST 52"
"492","710 PASIR RIS ST 72"
"493","714 PASIR RIS ST 72"
"494","672B EDGEFIELD PLAINS"
"495","209C PUNGGOL PL"
"496","120A EDGEDALE PLAINS"
"497","662B EDGEDALE PLAINS"
"498","623B PUNGGOL CTRL"
"499","208B PUNGGOL PL"
"500","208C PUNGGOL PL"
"501","603C PUNGGOL RD"
"502","312A SUMANG LINK"
"503","661A EDGEDALE PLAINS"
"504","662A EDGEDALE PLAINS"
"505","176C EDGEFIELD PLAINS"
"506","614B EDGEFIELD PLAINS"
"507","670B EDGEFIELD PLAINS"
"508","671A EDGEFIELD PLAINS"
"509","105C EDGEFIELD PLAINS"
"510","673C EDGEFIELD PLAINS"
"511","107B EDGEFIELD PLAINS"
"512","622B PUNGGOL CTRL"
"513","601B PUNGGOL CTRL"
"514","166A PUNGGOL CTRL"
"515","679A PUNGGOL DR"
"516","619A PUNGGOL DR"
"517","613D PUNGGOL DR"
"518","678A PUNGGOL DR"
"519","305D PUNGGOL DR"
"520","636B PUNGGOL DR"
"521","612C PUNGGOL DR"
"522","677B PUNGGOL DR"
"523","642D PUNGGOL DR"
"524","632A PUNGGOL DR"
"525","267B PUNGGOL FIELD"
"526","168D PUNGGOL FIELD"
"527","170B PUNGGOL FIELD"
"528","203B PUNGGOL FIELD"
"529","268B PUNGGOL FIELD"
"530","268A PUNGGOL FIELD"
"531","302D PUNGGOL PL"
"532","209A PUNGGOL PL"
"533","288C PUNGGOL PL"
"534","274B PUNGGOL PL"
"535","604A PUNGGOL RD"
"536","195E PUNGGOL RD"
"537","195A PUNGGOL RD"
"538","272B PUNGGOL WALK"
"539","316C PUNGGOL WAY"
"540","261C PUNGGOL WAY"
"541","227A SUMANG LANE"
"542","256D SUMANG WALK"
"543","256C SUMANG WALK"
"544","133 EDGEDALE PLAINS"
"545","661C EDGEDALE PLAINS"
"546","105A EDGEFIELD PLAINS"
"547","176A EDGEFIELD PLAINS"
"548","669B EDGEFIELD PLAINS"
"549","160B PUNGGOL CTRL"
"550","667B PUNGGOL DR"
"551","641A PUNGGOL DR"
"552","678C PUNGGOL DR"
"553","196D PUNGGOL FIELD"
"554","201D PUNGGOL FIELD"
"555","308A PUNGGOL WALK"
"556","310B PUNGGOL WALK"
"557","310A PUNGGOL WALK"
"558","217B SUMANG WALK"
"559","217A SUMANG WALK"
"560","112 EDGEFIELD PLAINS"
"561","187 PUNGGOL CTRL"
"562","81 C'WEALTH CL"
"563","52 C'WEALTH DR"
"564","53 C'WEALTH DR"
"565","91 C'WEALTH DR"
"566","93 C'WEALTH DR"
"567","87 DAWSON RD"
"568","13 HOLLAND DR"
"569","18A HOLLAND DR"
"570","11 HOLLAND DR"
"571","158 MEI LING ST"
"572","169 STIRLING RD"
"573","88 DAWSON RD"
"574","89 DAWSON RD"
"575","28A DOVER CRES"
"576","28D DOVER CRES"
"577","8 HOLLAND AVE"
"578","181 STIRLING RD"
"579","59 STRATHMORE AVE"
"580","49 STRATHMORE AVE"
"581","52 STRATHMORE AVE"
"582","62B STRATHMORE AVE"
"583","133 CLARENCE LANE"
"584","92 DAWSON RD"
"585","62A STRATHMORE AVE"
"586","48 STRATHMORE AVE"
"587","81 STRATHMORE AVE"
"588","467A ADMIRALTY DR"
"589","487 ADMIRALTY LINK"
"590","120D CANBERRA CRES"
"591","121D CANBERRA ST"
"592","121A CANBERRA ST"
"593","121C CANBERRA ST"
"594","321 SEMBAWANG CL"
"595","470 SEMBAWANG DR"
"596","466C SEMBAWANG DR"
"597","463B SEMBAWANG DR"
"598","508A WELLINGTON CIRCLE"
"599","357A ADMIRALTY DR"
"600","492 ADMIRALTY LINK"
"601","119A CANBERRA CRES"
"602","420 CANBERRA RD"
"603","121B CANBERRA ST"
"604","504D MONTREAL DR"
"605","319 SEMBAWANG CL"
"606","413 SEMBAWANG DR"
"607","409 SEMBAWANG DR"
"608","510B WELLINGTON CIRCLE"
"609","357C ADMIRALTY DR"
"610","469A ADMIRALTY DR"
"611","468A ADMIRALTY DR"
"612","333 SEMBAWANG CL"
"613","334C ANCHORVALE CRES"
"614","286C COMPASSVALE CRES"
"615","211D COMPASSVALE LANE"
"616","418A FERNVALE LINK"
"617","445A FERNVALE RD"
"618","436C FERNVALE RD"
"619","453D FERNVALE RD"
"620","180A RIVERVALE CRES"
"621","304A ANCHORVALE LINK"
"622","332C ANCHORVALE LINK"
"623","303B ANCHORVALE LINK"
"624","309B ANCHORVALE RD"
"625","317D ANCHORVALE RD"
"626","329A ANCHORVALE ST"
"627","287C COMPASSVALE CRES"
"628","286A COMPASSVALE CRES"
"629","289A COMPASSVALE CRES"
"630","204B COMPASSVALE DR"
"631","212A COMPASSVALE DR"
"632","211C COMPASSVALE LANE"
"633","211B COMPASSVALE LANE"
"634","207B COMPASSVALE LANE"
"635","277C COMPASSVALE LINK"
"636","257B COMPASSVALE RD"
"637","298B COMPASSVALE ST"
"638","403A FERNVALE LANE"
"639","405C FERNVALE LANE"
"640","470A FERNVALE LINK"
"641","467B FERNVALE LINK"
"642","440A FERNVALE LINK"
"643","416B FERNVALE LINK"
"644","414A FERNVALE LINK"
"645","408C FERNVALE RD"
"646","410C FERNVALE RD"
"647","453B FERNVALE RD"
"648","443B FERNVALE RD"
"649","471C FERNVALE ST"
"650","184C RIVERVALE CRES"
"651","162A RIVERVALE CRES"
"652","185D RIVERVALE CRES"
"653","185C RIVERVALE CRES"
"654","162B RIVERVALE CRES"
"655","121A RIVERVALE DR"
"656","124B RIVERVALE DR"
"657","271C SENGKANG CTRL"
"658","279B SENGKANG EAST AVE"
"659","200A SENGKANG EAST RD"
"660","325A SENGKANG EAST WAY"
"661","260D SENGKANG EAST WAY"
"662","315C ANCHORVALE RD"
"663","212B COMPASSVALE DR"
"664","206A COMPASSVALE LANE"
"665","206C COMPASSVALE LANE"
"666","246 COMPASSVALE RD"
"667","257A COMPASSVALE RD"
"668","262A COMPASSVALE ST"
"669","468C FERNVALE LINK"
"670","415C FERNVALE LINK"
"671","408A FERNVALE RD"
"672","155 RIVERVALE CRES"
"673","183C RIVERVALE CRES"
"674","116C RIVERVALE DR"
"675","186B RIVERVALE DR"
"676","133 RIVERVALE ST"
"677","125 RIVERVALE ST"
"678","141 RIVERVALE ST"
"679","109 RIVERVALE WALK"
"680","261A SENGKANG EAST WAY"
"681","469B SENGKANG WEST WAY"
"682","433B SENGKANG WEST WAY"
"683","307B ANCHORVALE RD"
"684","299C COMPASSVALE ST"
"685","143 RIVERVALE DR"
"686","189C RIVERVALE DR"
"687","4 LOR LEW LIAN"
"688","223 SERANGOON AVE 4"
"689","209 SERANGOON CTRL"
"690","402 SERANGOON AVE 1"
"691","241 SERANGOON AVE 3"
"692","507 SERANGOON NTH AVE 4"
"693","426 SERANGOON AVE 1"
"694","216 SERANGOON AVE 4"
"695","114 SERANGOON NTH AVE 1"
"696","550 SERANGOON NTH AVE 3"
"697","317 SERANGOON AVE 2"
"698","321 SERANGOON AVE 2"
"699","879B TAMPINES AVE 8"
"700","868C TAMPINES AVE 8"
"701","878A TAMPINES AVE 8"
"702","271 TAMPINES ST 21"
"703","258 TAMPINES ST 21"
"704","272 TAMPINES ST 22"
"705","293 TAMPINES ST 22"
"706","213 TAMPINES ST 23"
"707","438 TAMPINES ST 43"
"708","468 TAMPINES ST 44"
"709","462 TAMPINES ST 44"
"710","847 TAMPINES ST 83"
"711","119 SIMEI ST 1"
"712","141 SIMEI ST 2"
"713","890B TAMPINES AVE 1"
"714","812 TAMPINES AVE 4"
"715","395 TAMPINES AVE 7"
"716","878B TAMPINES AVE 8"
"717","880 TAMPINES AVE 8"
"718","520A TAMPINES CTRL 8"
"719","164 TAMPINES ST 12"
"720","163 TAMPINES ST 12"
"721","259 TAMPINES ST 21"
"722","260 TAMPINES ST 21"
"723","251 TAMPINES ST 21"
"724","296 TAMPINES ST 22"
"725","284 TAMPINES ST 22"
"726","384 TAMPINES ST 32"
"727","322 TAMPINES ST 33"
"728","423 TAMPINES ST 41"
"729","489C TAMPINES ST 45"
"730","498L TAMPINES ST 45"
"731","741 TAMPINES ST 72"
"732","735 TAMPINES ST 72"
"733","838 TAMPINES ST 82"
"734","866 TAMPINES ST 83"
"735","167B SIMEI LANE"
"736","167A SIMEI LANE"
"737","222 SIMEI ST 4"
"738","518D TAMPINES CTRL 7"
"739","515C TAMPINES CTRL 7"
"740","389 TAMPINES ST 32"
"741","340 TAMPINES ST 33"
"742","359 TAMPINES ST 34"
"743","360 TAMPINES ST 34"
"744","455 TAMPINES ST 42"
"745","494C TAMPINES ST 43"
"746","498H TAMPINES ST 45"
"747","491H TAMPINES ST 45"
"748","489B TAMPINES ST 45"
"749","731 TAMPINES ST 71"
"750","736 TAMPINES ST 72"
"751","871C TAMPINES ST 86"
"752","944 TAMPINES AVE 5"
"753","230E TAMPINES ST 24"
"754","314 TAMPINES ST 33"
"755","497F TAMPINES ST 45"
"756","739 TAMPINES ST 72"
"757","889 TAMPINES ST 81"
"758","856F TAMPINES ST 82"
"759","863 TAMPINES ST 83"
"760","857 TAMPINES ST 83"
"761","160 LOR 1 TOA PAYOH"
"762","58 LOR 4 TOA PAYOH"
"763","195 KIM KEAT AVE"
"764","113 LOR 1 TOA PAYOH"
"765","128 LOR 1 TOA PAYOH"
"766","125 LOR 1 TOA PAYOH"
"767","85B LOR 4 TOA PAYOH"
"768","85A LOR 4 TOA PAYOH"
"769","92 LOR 4 TOA PAYOH"
"770","9 LOR 7 TOA PAYOH"
"771","17 LOR 7 TOA PAYOH"
"772","231 LOR 8 TOA PAYOH"
"773","225 LOR 8 TOA PAYOH"
"774","105 POTONG PASIR AVE 1"
"775","104 POTONG PASIR AVE 1"
"776","145 POTONG PASIR AVE 2"
"777","207 TOA PAYOH NTH"
"778","15 JOO SENG RD"
"779","138A LOR 1A TOA PAYOH"
"780","122 LOR 2 TOA PAYOH"
"781","84B LOR 2 TOA PAYOH"
"782","142 LOR 2 TOA PAYOH"
"783","146 LOR 2 TOA PAYOH"
"784","80 LOR 4 TOA PAYOH"
"785","227 LOR 8 TOA PAYOH"
"786","213 LOR 8 TOA PAYOH"
"787","79E TOA PAYOH CTRL"
"788","200 TOA PAYOH NTH"
"789","204 TOA PAYOH NTH"
"790","202 TOA PAYOH NTH"
"791","247 KIM KEAT LINK"
"792","238 LOR 1 TOA PAYOH"
"793","139A LOR 1A TOA PAYOH"
"794","138C LOR 1A TOA PAYOH"
"795","82B LOR 4 TOA PAYOH"
"796","6 LOR 7 TOA PAYOH"
"797","236 LOR 1 TOA PAYOH"
"798","204 MARSILING DR"
"799","15 MARSILING LANE"
"800","180B MARSILING RD"
"801","157 WOODLANDS ST 13"
"802","613 WOODLANDS AVE 4"
"803","367 WOODLANDS AVE 5"
"804","748 WOODLANDS CIRCLE"
"805","754 WOODLANDS CIRCLE"
"806","776 WOODLANDS CRES"
"807","579 WOODLANDS DR 16"
"808","575 WOODLANDS DR 16"
"809","897A WOODLANDS DR 50"
"810","889A WOODLANDS DR 50"
"811","554 WOODLANDS DR 53"
"812","712 WOODLANDS DR 70"
"813","684B WOODLANDS DR 73"
"814","687B WOODLANDS DR 75"
"815","632 WOODLANDS RING RD"
"816","640 WOODLANDS RING RD"
"817","105 WOODLANDS ST 13"
"818","870 WOODLANDS ST 81"
"819","9 MARSILING DR"
"820","350 WOODLANDS AVE 3"
"821","846 WOODLANDS AVE 4"
"822","790 WOODLANDS AVE 6"
"823","738 WOODLANDS CIRCLE"
"824","721 WOODLANDS CIRCLE"
"825","517 WOODLANDS DR 14"
"826","507 WOODLANDS DR 14"
"827","539 WOODLANDS DR 16"
"828","576 WOODLANDS DR 16"
"829","890A WOODLANDS DR 50"
"830","683C WOODLANDS DR 62"
"831","688F WOODLANDS DR 75"
"832","690D WOODLANDS DR 75"
"833","644 WOODLANDS RING RD"
"834","633 WOODLANDS RING RD"
"835","639 WOODLANDS RING RD"
"836","331 WOODLANDS AVE 1"
"837","523 WOODLANDS DR 14"
"838","531 WOODLANDS DR 14"
"839","670 WOODLANDS DR 71"
"840","656 WOODLANDS RING RD"
"841","326 WOODLANDS ST 32"
"842","808 WOODLANDS ST 81"
"843","424B YISHUN AVE 11"
"844","424C YISHUN AVE 11"
"845","774 YISHUN AVE 3"
"846","671A YISHUN AVE 4"
"847","508A YISHUN AVE 4"
"848","705 YISHUN AVE 5"
"849","802 YISHUN RING RD"
"850","781 YISHUN RING RD"
"851","618 YISHUN RING RD"
"852","813B YISHUN RING RD"
"853","138 YISHUN RING RD"
"854","354 YISHUN RING RD"
"855","114 YISHUN RING RD"
"856","128 YISHUN ST 11"
"857","158 YISHUN ST 11"
"858","129 YISHUN ST 11"
"859","233 YISHUN ST 21"
"860","234 YISHUN ST 21"
"861","335A YISHUN ST 31"
"862","502A YISHUN ST 51"
"863","746 YISHUN ST 72"
"864","736 YISHUN ST 72"
"865","833 YISHUN ST 81"
"866","428B YISHUN AVE 11"
"867","458 YISHUN AVE 11"
"868","509B YISHUN AVE 4"
"869","508B YISHUN AVE 4"
"870","509C YISHUN AVE 4"
"871","390 YISHUN AVE 6"
"872","249 YISHUN AVE 9"
"873","323 YISHUN CTRL"
"874","365 YISHUN RING RD"
"875","386 YISHUN RING RD"
"876","327 YISHUN RING RD"
"877","251 YISHUN RING RD"
"878","311 YISHUN RING RD"
"879","450 YISHUN RING RD"
"880","124 YISHUN ST 11"
"881","235 YISHUN ST 21"
"882","263 YISHUN ST 22"
"883","335B YISHUN ST 31"
"884","335C YISHUN ST 31"
"885","513A YISHUN ST 51"
"886","626 YISHUN ST 61"
"887","718 YISHUN ST 71"
"888","428A YISHUN AVE 11"
"889","733 YISHUN AVE 5"
"890","317A YISHUN AVE 9"
"891","318A YISHUN AVE 9"
"892","799 YISHUN RING RD"
"893","240 YISHUN RING RD"
"894","804 YISHUN RING RD"
"895","511B YISHUN ST 51"
"896","502C YISHUN ST 51"
"897","504D YISHUN ST 51"
"898","603 YISHUN ST 61"
"899","851 YISHUN ST 81"
"900","277 YISHUN ST 22"
"901","877 YISHUN ST 81"
"902","836 YISHUN ST 81"
"903","404 ANG MO KIO AVE 10"
"904","534 ANG MO KIO AVE 10"
"905","418 ANG MO KIO AVE 10"
"906","435 ANG MO KIO AVE 10"
"907","473 ANG MO KIO AVE 10"
"908","126 ANG MO KIO AVE 3"
"909","129 ANG MO KIO AVE 3"
"910","128 ANG MO KIO AVE 3"
"911","587 ANG MO KIO AVE 3"
"912","610 ANG MO KIO AVE 4"
"913","117 ANG MO KIO AVE 4"
"914","533 ANG MO KIO AVE 5"
"915","154 ANG MO KIO AVE 5"
"916","547 ANG MO KIO AVE 10"
"917","565 ANG MO KIO AVE 3"
"918","344 ANG MO KIO AVE 3"
"919","636 ANG MO KIO AVE 6"
"920","260B ANG MO KIO ST 21"
"921","221 ANG MO KIO AVE 1"
"922","457 ANG MO KIO AVE 10"
"923","132 ANG MO KIO AVE 3"
"924","501 ANG MO KIO AVE 5"
"925","504 ANG MO KIO AVE 8"
"926","106 BEDOK NTH AVE 4"
"927","519 BEDOK NTH AVE 1"
"928","217 BEDOK NTH ST 1"
"929","201 BEDOK NTH ST 1"
"930","135 BEDOK NTH ST 2"
"931","128 BEDOK NTH ST 2"
"932","535 BEDOK NTH ST 3"
"933","554 BEDOK NTH ST 3"
"934","504 BEDOK NTH ST 3"
"935","748B BEDOK RESERVOIR CRES"
"936","113 BEDOK RESERVOIR RD"
"937","23 BEDOK STH AVE 1"
"938","4 BEDOK STH AVE 1"
"939","168 BEDOK STH AVE 3"
"940","18 BEDOK STH RD"
"941","36 CHAI CHEE AVE"
"942","28 NEW UPP CHANGI RD"
"943","81 BEDOK NTH RD"
"944","707 BEDOK NTH RD"
"945","427 BEDOK NTH RD"
"946","105 BEDOK RESERVOIR RD"
"947","147 BEDOK RESERVOIR RD"
"948","124 BEDOK RESERVOIR RD"
"949","767 BEDOK RESERVOIR VIEW"
"950","10 CHAI CHEE RD"
"951","63 NEW UPP CHANGI RD"
"952","98 BEDOK NTH AVE 4"
"953","141 BEDOK RESERVOIR RD"
"954","104 BEDOK RESERVOIR RD"
"955","718 BEDOK RESERVOIR RD"
"956","605 BEDOK RESERVOIR RD"
"957","762 BEDOK RESERVOIR VIEW"
"958","67 BEDOK STH AVE 3"
"959","803 CHAI CHEE RD"
"960","55 NEW UPP CHANGI RD"
"961","410 BEDOK NTH AVE 2"
"962","642 BEDOK RESERVOIR RD"
"963","115 BEDOK RESERVOIR RD"
"964","160 BEDOK STH AVE 3"
"965","193 BISHAN ST 13"
"966","448 BRIGHT HILL DR"
"967","136 BISHAN ST 12"
"968","194 BISHAN ST 13"
"969","450 SIN MING AVE"
"970","408 SIN MING AVE"
"971","233 BT BATOK EAST AVE 5"
"972","333 BT BATOK ST 32"
"973","527 BT BATOK ST 51"
"974","420 BT BATOK WEST AVE 2"
"975","289F BT BATOK ST 25"
"976","288D BT BATOK ST 25"
"977","391 BT BATOK WEST AVE 5"
"978","385 BT BATOK WEST AVE 5"
"979","383 BT BATOK WEST AVE 5"
"980","622 BT BATOK CTRL"
"981","627 BT BATOK CTRL"
"982","526 BT BATOK ST 51"
"983","20 JLN KLINIK"
"984","45 TELOK BLANGAH DR"
"985","76 TELOK BLANGAH DR"
"986","124 BT MERAH LANE 1"
"987","6 JLN BT HO SWEE"
"988","22 TELOK BLANGAH CRES"
"989","104A DEPOT RD"
"990","26D JLN MEMBINA"
"991","80C TELOK BLANGAH ST 31"
"992","6A BOON TIONG RD"
"993","9 CANTONMENT CL"
"994","52 LENGKOK BAHRU"
"995","443A FAJAR RD"
"996","220 PETIR RD"
"997","547C SEGAR RD"
"998","457 SEGAR RD"
"999","456 SEGAR RD"
"1000","633D SENJA RD"
"1001","533 BT PANJANG RING RD"
"1002","620 BT PANJANG RING RD"
"1003","527 JELAPANG RD"
"1004","504 JELAPANG RD"
"1005","218 PETIR RD"
"1006","219 PETIR RD"
"1007","412 SAUJANA RD"
"1008","548B SEGAR RD"
"1009","481 SEGAR RD"
"1010","485 SEGAR RD"
"1011","461 SEGAR RD"
"1012","612 SENJA RD"
"1013","606 SENJA RD"
"1014","165 GANGSA RD"
"1015","182 JELEBU RD"
"1016","410 SAUJANA RD"
"1017","624 SENJA RD"
"1018","180 LOMPANG RD"
"1019","1C CANTONMENT RD"
"1020","7 TG PAGAR PLAZA"
"1021","1A CANTONMENT RD"
"1022","5 TECK WHYE AVE"
"1023","111 TECK WHYE LANE"
"1024","296D CHOA CHU KANG AVE 2"
"1025","401 CHOA CHU KANG AVE 3"
"1026","289 CHOA CHU KANG AVE 3"
"1027","490A CHOA CHU KANG AVE 5"
"1028","489A CHOA CHU KANG AVE 5"
"1029","484D CHOA CHU KANG AVE 5"
"1030","812A CHOA CHU KANG AVE 7"
"1031","236 CHOA CHU KANG CTRL"
"1032","547 CHOA CHU KANG ST 52"
"1033","621 CHOA CHU KANG ST 62"
"1034","805B KEAT HONG CL"
"1035","804B KEAT HONG CL"
"1036","489B CHOA CHU KANG AVE 5"
"1037","485C CHOA CHU KANG AVE 5"
"1038","666 CHOA CHU KANG CRES"
"1039","692A CHOA CHU KANG CRES"
"1040","206 CHOA CHU KANG CTRL"
"1041","504 CHOA CHU KANG ST 51"
"1042","817C KEAT HONG LINK"
"1043","816B KEAT HONG LINK"
"1044","458 CHOA CHU KANG AVE 4"
"1045","605 CHOA CHU KANG ST 62"
"1046","109 TECK WHYE LANE"
"1047","303 CLEMENTI AVE 4"
"1048","374 CLEMENTI AVE 4"
"1049","307 CLEMENTI AVE 4"
"1050","305 CLEMENTI AVE 4"
"1051","706 CLEMENTI WEST ST 2"
"1052","311A CLEMENTI AVE 4"
"1053","324 CLEMENTI AVE 5"
"1054","208A CLEMENTI AVE 6"
"1055","414 C'WEALTH AVE WEST"
"1056","613 CLEMENTI WEST ST 1"
"1057","42 CASSIA CRES"
"1058","57 CIRCUIT RD"
"1059","64 CIRCUIT RD"
"1060","18A CIRCUIT RD"
"1061","410 EUNOS RD 5"
"1062","21 HAIG RD"
"1063","12 PINE CL"
"1064","10 PINE CL"
"1065","9 PINE CL"
"1066","314 UBI AVE 1"
"1067","709 HOUGANG AVE 2"
"1068","702 HOUGANG AVE 2"
"1069","21 HOUGANG AVE 3"
"1070","340 HOUGANG AVE 7"
"1071","632 HOUGANG AVE 8"
"1072","645 HOUGANG AVE 8"
"1073","211 HOUGANG ST 21"
"1074","473A UPP SERANGOON CRES"
"1075","980A BUANGKOK CRES"
"1076","516 HOUGANG AVE 10"
"1077","421 HOUGANG AVE 10"
"1078","511 HOUGANG AVE 10"
"1079","423 HOUGANG AVE 6"
"1080","337 HOUGANG AVE 7"
"1081","341 HOUGANG AVE 7"
"1082","630 HOUGANG AVE 8"
"1083","658 HOUGANG AVE 8"
"1084","917 HOUGANG AVE 9"
"1085","952 HOUGANG AVE 9"
"1086","911 HOUGANG ST 91"
"1087","306 HOUGANG AVE 5"
"1088","527 HOUGANG AVE 6"
"1089","540 HOUGANG AVE 8"
"1090","655 HOUGANG AVE 8"
"1091","542 HOUGANG AVE 8"
"1092","962 HOUGANG AVE 9"
"1093","373 HOUGANG ST 31"
"1094","944 HOUGANG ST 92"
"1095","533 HOUGANG AVE 6"
"1096","206 JURONG EAST ST 21"
"1097","225A JURONG EAST ST 21"
"1098","233 JURONG EAST ST 21"
"1099","302 JURONG EAST ST 32"
"1100","270 TOH GUAN RD"
"1101","287D JURONG EAST ST 21"
"1102","180A BOON LAY DR"
"1103","186 BOON LAY AVE"
"1104","489 JURONG WEST AVE 1"
"1105","511 JURONG WEST ST 52"
"1106","697A JURONG WEST CTRL 3"
"1107","698C JURONG WEST CTRL 3"
"1108","459 JURONG WEST ST 41"
"1109","412 JURONG WEST ST 42"
"1110","661D JURONG WEST ST 64"
"1111","866 JURONG WEST ST 81"
"1112","975 JURONG WEST ST 93"
"1113","200 BOON LAY DR"
"1114","686A JURONG WEST CTRL 1"
"1115","517A JURONG WEST ST 52"
"1116","653B JURONG WEST ST 61"
"1117","676B JURONG WEST ST 64"
"1118","662B JURONG WEST ST 64"
"1119","659C JURONG WEST ST 65"
"1120","618 JURONG WEST ST 65"
"1121","674A JURONG WEST ST 65"
"1122","670A JURONG WEST ST 65"
"1123","659A JURONG WEST ST 65"
"1124","823 JURONG WEST ST 81"
"1125","358 YUNG AN RD"
"1126","726 JURONG WEST AVE 5"
"1127","556 JURONG WEST ST 42"
"1128","666A JURONG WEST ST 65"
"1129","752 JURONG WEST ST 74"
"1130","369 YUNG AN RD"
"1131","47 BENDEMEER RD"
"1132","10B BENDEMEER RD"
"1133","12 FARRER PK RD"
"1134","67 KALLANG BAHRU"
"1135","11 UPP BOON KENG RD"
"1136","98 WHAMPOA DR"
"1137","74 WHAMPOA DR"
"1138","43 CAMBRIDGE RD"
"1139","815 JELLICOE RD"
"1140","816 JELLICOE RD"
"1141","15 UPP BOON KENG RD"
"1142","2D UPP BOON KENG RD"
"1143","3A UPP BOON KENG RD"
"1144","110 WHAMPOA RD"
"1145","103 JLN RAJAH"
"1146","12 NTH BRIDGE RD"
"1147","48 BENDEMEER RD"
"1148","31 MARINE CRES"
"1149","67 MARINE DR"
"1150","66 MARINE DR"
"1151","35 MARINE CRES"
"1152","28 MARINE CRES"
"1153","13 MARINE TER"
"1154","737 PASIR RIS DR 10"
"1155","458 PASIR RIS DR 4"
"1156","421 PASIR RIS DR 6"
"1157","124 PASIR RIS ST 11"
"1158","118 PASIR RIS ST 11"
"1159","213 PASIR RIS ST 21"
"1160","520 PASIR RIS ST 52"
"1161","749 PASIR RIS ST 71"
"1162","634 PASIR RIS DR 1"
"1163","709 PASIR RIS DR 10"
"1164","628 PASIR RIS DR 3"
"1165","186 PASIR RIS ST 11"
"1166","125 PASIR RIS ST 11"
"1167","187 PASIR RIS ST 11"
"1168","230 PASIR RIS ST 21"
"1169","517 PASIR RIS ST 52"
"1170","608 ELIAS RD"
"1171","607 ELIAS RD"
"1172","238 PASIR RIS ST 21"
"1173","550 PASIR RIS ST 51"
"1174","672C EDGEFIELD PLAINS"
"1175","310C PUNGGOL WALK"
"1176","673B EDGEFIELD PLAINS"
"1177","670A EDGEFIELD PLAINS"
"1178","301B PUNGGOL CTRL"
"1179","622A PUNGGOL CTRL"
"1180","665A PUNGGOL DR"
"1181","635C PUNGGOL DR"
"1182","676C PUNGGOL DR"
"1183","664B PUNGGOL DR"
"1184","259B PUNGGOL FIELD"
"1185","274D PUNGGOL PL"
"1186","211C PUNGGOL WALK"
"1187","266A PUNGGOL WAY"
"1188","265D PUNGGOL WAY"
"1189","260C PUNGGOL WAY"
"1190","226B SUMANG LANE"
"1191","172A EDGEDALE PLAINS"
"1192","135 EDGEDALE PLAINS"
"1193","120B EDGEDALE PLAINS"
"1194","669A EDGEFIELD PLAINS"
"1195","648 PUNGGOL CTRL"
"1196","663C PUNGGOL DR"
"1197","106C PUNGGOL FIELD"
"1198","173A PUNGGOL FIELD"
"1199","269A PUNGGOL FIELD"
"1200","270A PUNGGOL FIELD"
"1201","199D PUNGGOL FIELD"
"1202","213B PUNGGOL WALK"
"1203","226A SUMANG LANE"
"1204","51 C'WEALTH DR"
"1205","32 GHIM MOH LINK"
"1206","21 GHIM MOH RD"
"1207","32 HOLLAND CL"
"1208","166 STIRLING RD"
"1209","86 DAWSON RD"
"1210","2 HOLLAND AVE"
"1211","160 MEI LING ST"
"1212","23B QUEEN'S CL"
"1213","90 TANGLIN HALT RD"
"1214","7 GHIM MOH RD"
"1215","353C ADMIRALTY DR"
"1216","490 ADMIRALTY LINK"
"1217","483 ADMIRALTY LINK"
"1218","120C CANBERRA CRES"
"1219","352C CANBERRA RD"
"1220","466D SEMBAWANG DR"
"1221","481 SEMBAWANG DR"
"1222","318 SEMBAWANG VISTA"
"1223","509A WELLINGTON CIRCLE"
"1224","504B MONTREAL DR"
"1225","410 SEMBAWANG DR"
"1226","312 SEMBAWANG DR"
"1227","467B ADMIRALTY DR"
"1228","450C SENGKANG WEST WAY"
"1229","470C FERNVALE LINK"
"1230","453A FERNVALE RD"
"1231","439C SENGKANG WEST AVE"
"1232","432A SENGKANG WEST WAY"
"1233","333D ANCHORVALE LINK"
"1234","326D ANCHORVALE RD"
"1235","274A COMPASSVALE BOW"
"1236","216D COMPASSVALE DR"
"1237","275A COMPASSVALE LINK"
"1238","265C COMPASSVALE LINK"
"1239","228B COMPASSVALE WALK"
"1240","430A FERNVALE LINK"
"1241","440C FERNVALE LINK"
"1242","430D FERNVALE LINK"
"1243","430B FERNVALE LINK"
"1244","411B FERNVALE RD"
"1245","453C FERNVALE RD"
"1246","445B FERNVALE RD"
"1247","153 RIVERVALE CRES"
"1248","180C RIVERVALE CRES"
"1249","163C RIVERVALE CRES"
"1250","183D RIVERVALE CRES"
"1251","119A RIVERVALE DR"
"1252","197 RIVERVALE DR"
"1253","116A RIVERVALE DR"
"1254","104 RIVERVALE WALK"
"1255","282B SENGKANG EAST AVE"
"1256","325C SENGKANG EAST WAY"
"1257","320B ANCHORVALE DR"
"1258","330B ANCHORVALE ST"
"1259","278A COMPASSVALE BOW"
"1260","295B COMPASSVALE CRES"
"1261","287A COMPASSVALE CRES"
"1262","288A COMPASSVALE CRES"
"1263","216A COMPASSVALE DR"
"1264","259C COMPASSVALE RD"
"1265","253 COMPASSVALE ST"
"1266","224B COMPASSVALE WALK"
"1267","468A FERNVALE LINK"
"1268","471A FERNVALE ST"
"1269","183A RIVERVALE CRES"
"1270","163B RIVERVALE CRES"
"1271","194 RIVERVALE DR"
"1272","282C SENGKANG EAST AVE"
"1273","137 RIVERVALE ST"
"1274","324C SENGKANG EAST WAY"
"1275","230 SERANGOON AVE 4"
"1276","107 SERANGOON NTH AVE 1"
"1277","243 SERANGOON AVE 2"
"1278","328 SERANGOON AVE 3"
"1279","218 SERANGOON AVE 4"
"1280","117 SERANGOON NTH AVE 1"
"1281","147 SERANGOON NTH AVE 1"
"1282","521 SERANGOON NTH AVE 4"
"1283","549 SERANGOON NTH AVE 3"
"1284","500 SERANGOON NTH AVE 4"
"1285","525 SERANGOON NTH AVE 4"
"1286","909 TAMPINES AVE 4"
"1287","524B TAMPINES CTRL 7"
"1288","215 TAMPINES ST 23"
"1289","418 TAMPINES ST 41"
"1290","452 TAMPINES ST 42"
"1291","494D TAMPINES ST 43"
"1292","925 TAMPINES ST 91"
"1293","930 TAMPINES ST 91"
"1294","914 TAMPINES ST 91"
"1295","253 SIMEI ST 1"
"1296","524A TAMPINES CTRL 7"
"1297","264 TAMPINES ST 21"
"1298","237 TAMPINES ST 21"
"1299","274 TAMPINES ST 22"
"1300","369 TAMPINES ST 34"
"1301","450E TAMPINES ST 42"
"1302","490A TAMPINES ST 45"
"1303","717 TAMPINES ST 72"
"1304","852 TAMPINES ST 82"
"1305","884 TAMPINES ST 83"
"1306","843 TAMPINES ST 83"
"1307","913 TAMPINES ST 91"
"1308","116 SIMEI ST 1"
"1309","153 SIMEI ST 1"
"1310","101 SIMEI ST 1"
"1311","246 SIMEI ST 5"
"1312","396 TAMPINES AVE 7"
"1313","496D TAMPINES AVE 9"
"1314","486A TAMPINES AVE 9"
"1315","305 TAMPINES ST 32"
"1316","339 TAMPINES ST 33"
"1317","453 TAMPINES ST 42"
"1318","491F TAMPINES ST 45"
"1319","716 TAMPINES ST 71"
"1320","705 TAMPINES ST 71"
"1321","712 TAMPINES ST 71"
"1322","842E TAMPINES ST 82"
"1323","932 TAMPINES ST 91"
"1324","926 TAMPINES ST 91"
"1325","858 TAMPINES AVE 5"
"1326","309 TAMPINES ST 32"
"1327","52 LOR 6 TOA PAYOH"
"1328","9 JOO SENG RD"
"1329","100 LOR 1 TOA PAYOH"
"1330","111 LOR 1 TOA PAYOH"
"1331","114 LOR 1 TOA PAYOH"
"1332","69 LOR 4 TOA PAYOH"
"1333","59 LOR 5 TOA PAYOH"
"1334","1 LOR 7 TOA PAYOH"
"1335","43 LOR 5 TOA PAYOH"
"1336","62 LOR 4 TOA PAYOH"
"1337","229 LOR 8 TOA PAYOH"
"1338","215 LOR 8 TOA PAYOH"
"1339","122 POTONG PASIR AVE 1"
"1340","6 MARSILING DR"
"1341","571B WOODLANDS AVE 1"
"1342","337 WOODLANDS AVE 1"
"1343","537 WOODLANDS DR 16"
"1344","547 WOODLANDS DR 16"
"1345","605 WOODLANDS DR 42"
"1346","889B WOODLANDS DR 50"
"1347","896B WOODLANDS DR 50"
"1348","622 WOODLANDS DR 52"
"1349","659 WOODLANDS RING RD"
"1350","668 WOODLANDS RING RD"
"1351","429 WOODLANDS ST 41"
"1352","854 WOODLANDS ST 83"
"1353","368 WOODLANDS AVE 1"
"1354","844 WOODLANDS AVE 4"
"1355","752 WOODLANDS CIRCLE"
"1356","524 WOODLANDS DR 14"
"1357","894C WOODLANDS DR 50"
"1358","892A WOODLANDS DR 50"
"1359","711 WOODLANDS DR 70"
"1360","794 WOODLANDS DR 72"
"1361","686A WOODLANDS DR 73"
"1362","689B WOODLANDS DR 75"
"1363","165 WOODLANDS ST 13"
"1364","139 MARSILING RD"
"1365","521 WOODLANDS DR 14"
"1366","514 WOODLANDS DR 14"
"1367","635 WOODLANDS RING RD"
"1368","819 WOODLANDS ST 82"
"1369","424D YISHUN AVE 11"
"1370","348C YISHUN AVE 11"
"1371","702 YISHUN AVE 5"
"1372","813A YISHUN RING RD"
"1373","409 YISHUN RING RD"
"1374","140 YISHUN RING RD"
"1375","211 YISHUN ST 21"
"1376","228 YISHUN ST 21"
"1377","210 YISHUN ST 21"
"1378","217 YISHUN ST 21"
"1379","429B YISHUN AVE 11"
"1380","348D YISHUN AVE 11"
"1381","772 YISHUN AVE 3"
"1382","509A YISHUN AVE 4"
"1383","316A YISHUN AVE 9"
"1384","315B YISHUN AVE 9"
"1385","388 YISHUN RING RD"
"1386","329 YISHUN RING RD"
"1387","395 YISHUN RING RD"
"1388","619 YISHUN RING RD"
"1389","214 YISHUN ST 21"
"1390","265 YISHUN ST 22"
"1391","276 YISHUN ST 22"
"1392","333A YISHUN ST 31"
"1393","501B YISHUN ST 51"
"1394","610 YISHUN ST 61"
"1395","644 YISHUN ST 61"
"1396","730 YISHUN ST 71"
"1397","720 YISHUN ST 71"
"1398","725 YISHUN ST 71"
"1399","776 YISHUN AVE 2"
"1400","174 YISHUN AVE 7"
"1401","159 YISHUN ST 11"
"1402","405 YISHUN AVE 6"
"1403","326 YISHUN RING RD"
"1404","361 YISHUN RING RD"
"1405","826 YISHUN ST 81"
